{
    "3J7HTTLX": {
        "coins": 2,
        "expiration_time": 1725601365.167653,
        "created_by": 6353236171,
        "redeemed_by": [
            6353236171
        ]
    },
    "ZKX6QAOP": {
        "coins": 2,
        "expiration_time": 1725608297.8007517,
        "created_by": 6353236171
    },
    "R2Y76FBC": {
        "coins": 2,
        "expiration_time": 1725694936.894116,
        "created_by": 6353236171
    },
    "5CCYVMJC": {
        "coins": 3,
        "expiration_time": 1725781364.102322,
        "created_by": 6353236171
    },
    "F8UGA6J7": {
        "coins": 3,
        "expiration_time": 1725781616.433924,
        "created_by": 6353236171
    }
}